City_ID,City,Country,Lat,Lng,Max Temp,Humidity,Cloudiness,Wind Speed,Description,Date
0,Ushuaia,AR,-54.8,-68.3,62.26,36,40,9.22,scattered clouds,2023-01-07 19:25:23
1,Barrow,US,71.2906,-156.7887,-11.18,77,0,13.8,mist,2023-01-07 19:30:25
2,Mataura,NZ,-46.1927,168.8643,55.33,61,1,4.56,clear sky,2023-01-07 19:30:20
3,Clyde River,CA,70.4692,-68.5914,-28.97,75,0,3.44,clear sky,2023-01-07 19:30:42
4,Kaitangata,NZ,-46.2817,169.8464,55.56,68,0,8.81,clear sky,2023-01-07 19:31:53
5,Marsa Matruh,EG,31.3525,27.2453,59.2,77,40,6.91,light rain,2023-01-07 19:33:03
6,Kavaratti,IN,10.5669,72.642,81.14,64,5,7.11,clear sky,2023-01-07 19:33:46
7,Mount Isa,AU,-20.7333,139.5,73.17,100,100,5.75,light intensity shower rain,2023-01-07 19:31:06
8,Punta Arenas,CL,-53.15,-70.9167,66.31,30,20,23.02,few clouds,2023-01-07 19:30:08
9,Lorengau,PG,-2.0226,147.2712,80.56,78,99,3.91,overcast clouds,2023-01-07 19:31:12
10,Sangar,RU,63.9242,127.4739,-25.71,88,100,6.98,overcast clouds,2023-01-07 19:40:03
11,Pochutla,MX,15.7432,-96.4661,88.83,41,0,9.26,clear sky,2023-01-07 19:40:03
12,Little Current,CA,45.9793,-81.9248,18.41,81,67,5.28,broken clouds,2023-01-07 19:40:03
13,Nikolskoye,RU,59.7035,30.7861,6.8,89,96,4.5,overcast clouds,2023-01-07 19:30:39
14,Bluff,NZ,-46.6,168.3333,54.43,70,1,12.1,clear sky,2023-01-07 19:30:35
15,Bathsheba,BB,13.2167,-59.5167,83.01,74,40,17.27,scattered clouds,2023-01-07 19:31:15
16,Port Alfred,ZA,-33.5906,26.891,64.18,90,83,8.84,broken clouds,2023-01-07 19:30:37
17,Mamallapuram,IN,12.6264,80.1722,78.85,80,19,10.29,few clouds,2023-01-07 19:40:05
18,Lasa,IT,46.6166,10.7002,36.48,81,27,2.13,scattered clouds,2023-01-07 19:32:09
19,Margate,GB,51.3813,1.3862,48.69,86,84,8.99,light rain,2023-01-07 19:31:24
20,Atuona,PF,-9.8,-139.0333,78.01,77,47,16.46,light rain,2023-01-07 19:30:48
21,Hobart,AU,-42.8794,147.3294,56.26,89,2,1.01,clear sky,2023-01-07 19:30:57
22,Nanortalik,GL,60.1432,-45.2371,22.53,80,53,5.88,broken clouds,2023-01-07 19:30:50
23,Xuanwu,CN,32.069,118.8138,31.95,55,0,4.09,clear sky,2023-01-07 19:40:06
24,Meulaboh,ID,4.1363,96.1285,74.75,87,100,3.0,overcast clouds,2023-01-07 19:30:16
25,Hilo,US,19.7297,-155.09,76.24,69,40,8.05,scattered clouds,2023-01-07 19:31:08
26,Teya,RU,60.3778,92.6267,-8.41,98,100,2.3,overcast clouds,2023-01-07 19:31:41
27,Faanui,PF,-16.4833,-151.75,80.96,66,17,1.88,few clouds,2023-01-07 19:32:43
28,Busselton,AU,-33.65,115.3333,54.93,91,2,7.72,clear sky,2023-01-07 19:30:12
29,Puerto Ayora,EC,-0.7393,-90.3518,82.36,91,21,7.0,few clouds,2023-01-07 19:30:44
30,Nanchang,CN,28.6833,115.8833,50.86,56,0,2.51,clear sky,2023-01-07 19:40:08
31,Viedma,AR,-40.8135,-62.9967,104.25,13,29,20.18,scattered clouds,2023-01-07 19:32:04
32,Mahebourg,MU,-20.4081,57.7,79.25,78,40,6.91,scattered clouds,2023-01-07 19:31:40
33,Kapaa,US,22.0752,-159.319,74.1,90,40,5.75,light rain,2023-01-07 19:31:01
34,Tuktoyaktuk,CA,69.4541,-133.0374,3.2,85,100,10.36,light snow,2023-01-07 19:31:06
35,Vidalia,US,32.2177,-82.4135,66.15,30,0,4.61,clear sky,2023-01-07 19:40:09
36,Okha,RU,53.5739,142.9478,-9.09,97,100,4.59,overcast clouds,2023-01-07 19:40:09
37,Severo-Kurilsk,RU,50.6789,156.125,25.48,69,85,15.28,overcast clouds,2023-01-07 19:32:02
38,Hermanus,ZA,-34.4187,19.2345,66.79,74,99,11.61,overcast clouds,2023-01-07 19:40:10
39,Saint George,US,37.1041,-113.5841,50.43,63,0,5.75,clear sky,2023-01-07 19:27:35
40,Katobu,ID,-4.9408,122.5276,74.5,93,92,0.31,overcast clouds,2023-01-07 19:33:26
41,Ambilobe,MG,-13.2,49.05,73.22,91,98,3.74,overcast clouds,2023-01-07 19:40:11
42,Yuncheng,CN,35.0231,110.9928,41.65,26,0,1.05,clear sky,2023-01-07 19:40:11
43,Paramonga,PE,-10.6667,-77.8333,74.08,68,8,9.62,clear sky,2023-01-07 19:40:12
44,Hithadhoo,MV,-0.6,73.0833,79.86,80,48,10.54,scattered clouds,2023-01-07 19:31:18
45,Lagoa,PT,39.05,-27.9833,60.96,89,100,25.68,overcast clouds,2023-01-07 19:28:47
46,Te Anau,NZ,-45.4167,167.7167,55.0,77,29,0.76,scattered clouds,2023-01-07 19:30:15
47,Buala,SB,-8.145,159.5921,81.61,80,100,8.16,overcast clouds,2023-01-07 19:31:28
48,Qaanaaq,GL,77.484,-69.3632,-12.14,95,100,4.92,overcast clouds,2023-01-07 19:30:52
49,Port Elizabeth,ZA,-33.918,25.5701,68.29,89,20,6.91,few clouds,2023-01-07 19:30:33
50,Khatanga,RU,71.9667,102.5,-30.78,98,100,3.24,overcast clouds,2023-01-07 19:30:48
51,Albany,US,42.6001,-73.9662,41.34,69,100,1.01,overcast clouds,2023-01-07 19:28:59
52,Churapcha,RU,62.0025,132.4325,-49.41,100,72,3.76,broken clouds,2023-01-07 19:34:01
53,Kalmunai,LK,7.4167,81.8167,75.24,88,85,8.12,overcast clouds,2023-01-07 19:30:47
54,Ulaanbaatar,MN,47.9077,106.8832,-7.47,77,0,4.47,clear sky,2023-01-07 19:40:15
55,Bredasdorp,ZA,-34.5322,20.0403,66.13,70,46,10.74,scattered clouds,2023-01-07 19:30:43
56,Polewali,ID,-3.4324,119.3435,76.17,89,100,3.69,overcast clouds,2023-01-07 19:40:16
57,Rikitea,PF,-23.1203,-134.9692,78.19,73,1,15.17,clear sky,2023-01-07 19:40:16
58,Kiruna,SE,67.8557,20.2251,2.32,85,100,5.75,light snow,2023-01-07 19:31:19
59,Micheweni,TZ,-4.9667,39.8333,80.92,82,54,10.8,light rain,2023-01-07 19:40:17
60,Ribeira Grande,PT,38.5167,-28.7,63.0,94,75,21.85,broken clouds,2023-01-07 19:30:35
61,Cape Town,ZA,-33.9258,18.4232,71.38,75,0,16.11,clear sky,2023-01-07 19:31:34
62,Dikson,RU,73.5069,80.5464,0.32,90,100,13.53,overcast clouds,2023-01-07 19:31:31
63,Mutoko,ZW,-17.397,32.2268,63.55,89,100,3.06,overcast clouds,2023-01-07 19:40:18
64,Vaini,TO,-21.2,-175.2,82.56,89,75,8.05,broken clouds,2023-01-07 19:30:21
65,Port-Gentil,GA,-0.7193,8.7815,78.76,89,40,4.61,scattered clouds,2023-01-07 19:40:18
66,Bethel,US,41.3712,-73.414,44.02,69,100,5.01,overcast clouds,2023-01-07 19:31:22
67,Lompoc,US,34.6391,-120.4579,64.53,69,0,11.01,clear sky,2023-01-07 19:31:21
68,Klaksvik,FO,62.2266,-6.589,36.52,81,61,10.36,broken clouds,2023-01-07 19:30:19
69,Butaritari,KI,3.0707,172.7902,80.56,78,32,14.61,scattered clouds,2023-01-07 19:30:37
70,Georgetown,MY,5.4112,100.3354,78.73,83,20,5.75,few clouds,2023-01-07 19:40:19
71,Lavrentiya,RU,65.5833,-171.0,-5.58,98,69,4.23,broken clouds,2023-01-07 19:33:06
72,Adrar,MR,20.5022,-10.0711,68.07,16,100,10.92,overcast clouds,2023-01-07 19:31:38
73,Hambantota,LK,6.1241,81.1185,75.88,81,72,13.56,broken clouds,2023-01-07 19:40:20
74,Souillac,MU,-20.5167,57.5167,79.18,78,40,6.91,scattered clouds,2023-01-07 19:32:20
75,Riyadh,SA,24.6877,46.7219,55.54,71,98,3.94,overcast clouds,2023-01-07 19:34:16
76,Kununurra,AU,-15.7667,128.7333,78.78,89,75,5.75,broken clouds,2023-01-07 19:33:22
77,Sao Joao Da Barra,BR,-21.6403,-41.0511,77.09,94,100,13.22,overcast clouds,2023-01-07 19:32:16
78,Poum,NC,-20.2333,164.0167,82.6,85,100,28.34,heavy intensity rain,2023-01-07 19:40:21
79,Manta,EC,-0.95,-80.7333,80.38,74,75,6.91,broken clouds,2023-01-07 19:39:40
80,Southbridge,US,42.0751,-72.0334,42.06,85,100,3.0,overcast clouds,2023-01-07 19:40:22
81,Mazagao,BR,-0.115,-51.2894,89.65,58,92,5.77,overcast clouds,2023-01-07 19:40:22
82,Aljezur,PT,37.3191,-8.8033,61.29,91,100,14.61,overcast clouds,2023-01-07 19:40:22
83,Kodiak,US,57.79,-152.4072,29.71,80,0,13.8,clear sky,2023-01-07 19:31:42
84,El Paso,US,31.8001,-106.2005,55.65,33,75,11.5,broken clouds,2023-01-07 19:40:23
85,Upernavik,GL,72.7868,-56.1549,-14.93,89,34,9.6,scattered clouds,2023-01-07 19:40:24
86,Geraldton,AU,-28.7667,114.6,64.81,82,0,11.5,clear sky,2023-01-07 19:33:20
87,Puri,IN,19.8,85.85,55.92,48,0,7.14,clear sky,2023-01-07 19:36:53
88,Yellowknife,CA,62.456,-114.3525,9.12,92,100,3.44,light snow,2023-01-07 19:30:59
89,Saskylakh,RU,71.9167,114.0833,-35.16,99,99,3.11,overcast clouds,2023-01-07 19:32:25
90,Neiafu,TO,-18.65,-173.9833,77.68,94,20,0.0,few clouds,2023-01-07 19:32:47
91,Saldanha,ZA,-33.0117,17.9442,64.45,91,0,15.39,clear sky,2023-01-07 19:31:30
92,Sur,OM,22.5667,59.5289,69.08,69,0,4.21,clear sky,2023-01-07 19:31:47
93,Tiksi,RU,71.6872,128.8694,-39.39,100,78,3.33,broken clouds,2023-01-07 19:31:00
94,Mar Del Plata,AR,-38.0023,-57.5575,88.83,80,0,28.99,clear sky,2023-01-07 19:40:27
95,Pathein,MM,16.7833,94.7333,69.69,92,1,5.23,clear sky,2023-01-07 19:32:08
96,Millau,FR,44.0833,2.9167,51.01,86,85,8.21,overcast clouds,2023-01-07 19:40:27
97,Acarau,BR,-2.8856,-40.12,82.99,66,0,17.9,clear sky,2023-01-07 19:30:43
98,Ponta Do Sol,PT,32.6667,-17.1,67.01,81,67,6.26,broken clouds,2023-01-07 19:30:51
99,Bambanglipuro,ID,-7.95,110.2833,75.65,87,42,5.32,light rain,2023-01-07 19:40:28
100,Castro,BR,-24.7911,-50.0119,68.27,74,99,10.49,overcast clouds,2023-01-07 19:29:21
101,Muros,ES,42.7762,-9.0603,55.69,89,100,21.56,overcast clouds,2023-01-07 19:30:40
102,Tevaitoa,PF,-16.7833,-151.5,81.19,65,9,1.83,clear sky,2023-01-07 19:40:29
103,Ostrovnoy,RU,68.0531,39.5131,19.63,92,100,5.77,snow,2023-01-07 19:32:43
104,Chuy,UY,-33.6971,-53.4616,76.68,56,0,14.43,clear sky,2023-01-07 19:31:32
105,Tasiilaq,GL,65.6145,-37.6368,15.96,62,75,7.25,broken clouds,2023-01-07 19:40:30
106,Pevek,RU,69.7008,170.3133,-11.09,96,100,3.94,overcast clouds,2023-01-07 19:40:30
107,Ixtapa,MX,20.7,-105.2,76.23,65,0,8.05,clear sky,2023-01-07 19:40:31
108,Yuanping,CN,38.7153,112.7575,31.12,34,3,2.1,clear sky,2023-01-07 19:33:47
109,Sinnamary,GF,5.3833,-52.95,77.29,86,100,12.88,overcast clouds,2023-01-07 19:40:31
110,Gorodishche,RU,48.8045,44.4744,0.48,78,0,11.18,clear sky,2023-01-07 19:40:32
111,Sabang,ID,5.8933,95.3214,80.28,71,94,5.44,overcast clouds,2023-01-07 19:32:57
112,Pasni,PK,25.2631,63.471,70.09,63,0,5.1,clear sky,2023-01-07 19:40:33
113,Price,US,39.5994,-110.8107,31.26,80,75,0.0,broken clouds,2023-01-07 19:40:33
114,Kumluca,TR,36.3703,30.2869,55.36,68,3,5.28,clear sky,2023-01-07 19:40:34
115,Port Hardy,CA,50.6996,-127.4199,46.58,87,75,4.61,light intensity shower rain,2023-01-07 19:30:41
116,Bengkulu,ID,-3.8004,102.2655,74.79,89,100,6.4,overcast clouds,2023-01-07 19:32:19
117,Cabedelo,BR,-6.9811,-34.8339,84.87,74,100,11.56,overcast clouds,2023-01-07 19:40:35
118,Emerald,AU,-23.5333,148.1667,72.34,86,87,6.93,overcast clouds,2023-01-07 19:40:35
119,San Quintin,MX,30.4833,-115.95,64.87,49,4,3.24,clear sky,2023-01-07 19:40:36
120,Baruun-Urt,MN,46.6806,113.2792,5.56,84,6,5.39,clear sky,2023-01-07 19:31:09
121,Longyearbyen,SJ,78.2186,15.6401,28.24,64,75,3.44,broken clouds,2023-01-07 19:40:37
122,Saint-Philippe,RE,-21.3585,55.7679,78.39,81,38,11.59,scattered clouds,2023-01-07 19:30:58
123,Frontera,MX,26.9333,-101.45,73.33,54,0,4.0,clear sky,2023-01-07 19:40:37
124,General Roca,AR,-39.0333,-67.5833,102.61,11,35,15.95,scattered clouds,2023-01-07 19:40:38
125,Constitucion,CL,-35.3333,-72.4167,68.65,67,8,9.06,clear sky,2023-01-07 19:40:38
126,Stony Plain,CA,53.5334,-114.0021,29.52,64,12,1.01,few clouds,2023-01-07 19:40:05
127,North Platte,US,41.1239,-100.7654,34.12,80,40,6.91,scattered clouds,2023-01-07 19:40:39
128,Sitka,US,57.0531,-135.33,48.09,61,100,18.41,moderate rain,2023-01-07 19:31:33
129,Maragogi,BR,-9.0122,-35.2225,80.37,69,0,10.54,clear sky,2023-01-07 19:40:39
130,New Norfolk,AU,-42.7826,147.0587,55.92,71,0,2.68,clear sky,2023-01-07 19:30:57
131,Altar,MX,30.7,-111.8167,69.49,27,0,4.88,clear sky,2023-01-07 19:40:40
132,Ujszasz,HU,47.3,20.0833,42.19,99,60,5.59,broken clouds,2023-01-07 19:40:40
133,Vanimo,PG,-2.6741,141.3028,76.48,90,100,3.56,overcast clouds,2023-01-07 19:40:41
134,Salalah,OM,17.0151,54.0924,75.29,69,40,4.61,scattered clouds,2023-01-07 19:33:02
135,Naze,JP,28.3667,129.4833,56.32,63,0,12.39,clear sky,2023-01-07 19:40:42
136,Carnarvon,AU,-24.8667,113.6333,73.69,63,0,25.55,clear sky,2023-01-07 19:30:47
137,Touros,BR,-5.1989,-35.4608,80.71,72,75,13.98,broken clouds,2023-01-07 19:32:10
138,Esperance,AU,-33.8667,121.9,59.16,71,0,4.0,clear sky,2023-01-07 19:32:39
139,Ancud,CL,-41.8697,-73.8203,63.23,77,100,8.93,overcast clouds,2023-01-07 19:40:43
140,Kavieng,PG,-2.5744,150.7967,82.17,77,27,6.93,scattered clouds,2023-01-07 19:32:11
141,Airai,TL,-8.9266,125.4092,59.77,90,100,1.97,overcast clouds,2023-01-07 19:31:36
142,Aswan,EG,24.0934,32.907,63.7,39,0,5.75,clear sky,2023-01-07 19:27:49
143,Avarua,CK,-21.2078,-159.775,75.25,88,100,2.3,light rain,2023-01-07 19:40:45
144,Damme,DE,52.5167,8.2,48.22,77,100,5.99,overcast clouds,2023-01-07 19:40:45
145,Komsomolskiy,UZ,40.4272,71.7189,34.52,86,21,0.0,mist,2023-01-07 19:33:26
146,Imbituba,BR,-28.24,-48.6703,74.75,61,40,7.99,scattered clouds,2023-01-07 19:40:46
147,Jamestown,US,42.097,-79.2353,35.19,70,100,10.36,fog,2023-01-07 19:40:46
148,Hirara,JP,24.8,125.2833,65.12,62,95,15.1,overcast clouds,2023-01-07 19:40:46
149,Lujan,AR,-34.5703,-59.105,94.01,34,63,7.0,broken clouds,2023-01-07 19:40:47
150,Belaya Gora,RU,68.5333,146.4167,-35.32,98,100,2.28,overcast clouds,2023-01-07 19:40:47
151,Heihe,CN,50.2441,127.4902,-13.61,98,100,2.01,overcast clouds,2023-01-07 19:40:48
152,Itarema,BR,-2.9248,-39.9167,82.6,67,0,17.09,clear sky,2023-01-07 19:33:36
153,Thinadhoo,MV,0.5333,72.9333,80.11,80,98,12.57,overcast clouds,2023-01-07 19:40:48
154,Coihueco,CL,-36.6167,-71.8333,84.94,35,0,6.91,clear sky,2023-01-07 19:40:49
155,Fortuna,US,40.5982,-124.1573,54.66,84,75,27.63,broken clouds,2023-01-07 19:29:36
156,Beringovskiy,RU,63.05,179.3167,0.34,95,100,15.5,overcast clouds,2023-01-07 19:32:52
157,Kindu,CD,-2.95,25.95,69.19,98,100,2.26,light rain,2023-01-07 19:40:50
158,Maceio,BR,-9.6658,-35.7353,85.44,61,0,14.97,clear sky,2023-01-07 19:40:50
159,Menongue,AO,-14.6585,17.691,70.07,48,85,2.86,overcast clouds,2023-01-07 19:32:46
160,Vestmannaeyjar,IS,63.4427,-20.2734,32.04,74,99,6.64,overcast clouds,2023-01-07 19:32:20
161,Sioux Lookout,CA,50.1001,-91.917,15.87,92,20,10.36,few clouds,2023-01-07 19:40:51
162,Dingle,PH,10.9995,122.6711,72.97,87,99,9.37,overcast clouds,2023-01-07 19:31:05
163,Dauphin,CA,51.1494,-100.0502,26.74,74,0,20.71,clear sky,2023-01-07 19:40:51
164,Chupa,RU,66.27,33.0549,-3.86,100,100,1.34,overcast clouds,2023-01-07 19:40:52
165,Torbay,CA,47.6666,-52.7314,31.57,83,100,9.22,overcast clouds,2023-01-07 19:32:45
166,Coquimbo,CL,-29.9533,-71.3436,73.13,60,0,14.97,clear sky,2023-01-07 19:32:02
167,Hami,CN,42.8,93.45,23.94,47,6,3.15,clear sky,2023-01-07 19:32:15
168,Guerrero Negro,MX,27.9769,-114.0611,70.18,35,0,4.72,clear sky,2023-01-07 19:37:44
169,Canico,PT,32.6333,-16.85,66.83,83,20,3.44,few clouds,2023-01-07 19:40:53
170,Luderitz,NA,-26.6481,15.1594,66.18,69,3,5.48,clear sky,2023-01-07 19:33:06
171,Teguldet,RU,57.3064,88.1667,22.68,95,100,9.53,light snow,2023-01-07 19:40:54
172,Quelimane,MZ,-17.8786,36.8883,80.55,89,75,6.91,moderate rain,2023-01-07 19:40:54
173,Serdobsk,RU,52.4586,44.2169,-7.31,91,64,9.01,broken clouds,2023-01-07 19:40:55
174,Sitio Novo Do Tocantins,BR,-5.5183,-47.4611,85.93,74,20,4.61,few clouds,2023-01-07 19:40:55
175,Leningradskiy,RU,69.3833,178.4167,-14.17,97,98,4.88,overcast clouds,2023-01-07 19:31:58
176,Narrabri,AU,-30.3167,149.7833,61.52,83,0,3.0,clear sky,2023-01-07 19:40:57
177,Nuzvid,IN,16.7833,80.85,62.89,84,0,3.4,clear sky,2023-01-07 19:40:58
178,Lebu,CL,-37.6167,-73.65,65.05,72,25,8.21,scattered clouds,2023-01-07 19:40:58
179,Victoria,HK,22.2855,114.1577,66.38,63,100,10.0,overcast clouds,2023-01-07 19:29:10
180,Cherskiy,RU,68.75,161.3,-26.93,96,100,4.18,overcast clouds,2023-01-07 19:40:59
181,Kenai,US,60.5544,-151.2583,11.08,87,20,3.44,mist,2023-01-07 19:31:23
182,Narsaq,GL,60.9167,-46.05,11.5,72,91,8.41,overcast clouds,2023-01-07 19:40:59
183,Chimbote,PE,-9.0853,-78.5783,73.44,68,6,9.8,clear sky,2023-01-07 19:41:00
184,Robstown,US,27.7903,-97.6689,82.96,70,75,17.27,broken clouds,2023-01-07 19:41:00
185,Vao,NC,-22.6667,167.4833,78.04,86,89,8.32,overcast clouds,2023-01-07 19:33:33
186,Hovd,MN,48.0056,91.6419,11.8,72,2,4.16,clear sky,2023-01-07 19:41:01
187,George Town,MY,5.4112,100.3354,78.73,83,20,5.75,few clouds,2023-01-07 19:41:01
188,Ikom,NG,5.9667,8.7063,79.23,38,1,3.36,clear sky,2023-01-07 19:41:02
189,Kemin,KG,42.7846,75.6892,33.64,64,63,5.28,broken clouds,2023-01-07 19:41:02
190,Vila,PT,42.0304,-8.1588,43.68,94,100,8.03,overcast clouds,2023-01-07 19:41:03
191,Yadgir,IN,16.7667,77.1333,67.77,45,0,7.65,clear sky,2023-01-07 19:41:03
192,Grand-Santi,GF,4.25,-54.3833,75.87,98,100,3.56,moderate rain,2023-01-07 19:33:36
193,Rawson,AR,-43.3002,-65.1023,76.21,48,51,16.75,broken clouds,2023-01-07 19:40:54
194,Plettenberg Bay,ZA,-34.0527,23.3716,65.7,87,76,8.05,broken clouds,2023-01-07 19:41:04
195,Hailar,CN,49.2,119.7,3.67,97,100,4.54,light snow,2023-01-07 19:41:04
196,La Crosse,US,43.8014,-91.2396,24.37,76,0,3.44,haze,2023-01-07 19:41:05
197,Lilongwe,MW,-13.9669,33.7873,66.9,92,100,0.74,overcast clouds,2023-01-07 19:41:05
198,Skanderborg,DK,56.0399,9.9272,46.94,92,100,5.99,overcast clouds,2023-01-07 19:41:05
199,Nago,JP,26.5881,127.9761,50.43,69,0,8.9,clear sky,2023-01-07 19:36:49
200,Petropavlovsk-Kamchatskiy,RU,53.0452,158.6483,-1.23,71,0,6.71,clear sky,2023-01-07 19:41:06
201,Kruisfontein,ZA,-34.0033,24.7314,62.35,81,19,7.61,few clouds,2023-01-07 19:41:06
202,Lyuban,BY,52.7985,28.0048,17.96,62,79,10.76,broken clouds,2023-01-07 19:41:07
203,Northam,GB,51.0333,-4.2167,46.62,91,51,26.02,broken clouds,2023-01-07 19:41:07
204,Talnakh,RU,69.4865,88.3972,-39.75,99,100,6.76,overcast clouds,2023-01-07 19:31:39
205,Palmer,US,42.1584,-72.3287,42.46,70,75,9.22,broken clouds,2023-01-07 19:39:48
206,Kulu,TR,39.0951,33.0799,34.79,69,3,2.17,clear sky,2023-01-07 19:41:08
207,Labuhan,ID,-6.8844,112.2051,76.44,86,100,9.75,overcast clouds,2023-01-07 19:41:08
208,Thompson,CA,55.7435,-97.8558,5.16,85,20,5.75,few clouds,2023-01-07 19:41:09
209,Anito,PH,12.4497,125.2886,77.7,68,100,13.76,overcast clouds,2023-01-07 19:41:09
210,Kamina,CD,-8.7386,24.9906,63.1,96,100,1.3,overcast clouds,2023-01-07 19:41:10
211,Copiapo,CL,-27.3667,-70.3333,71.29,24,0,12.59,clear sky,2023-01-07 19:32:36
212,Alugan,PH,12.2188,125.4808,78.46,69,100,16.42,overcast clouds,2023-01-07 19:33:05
213,Santa Rosalia,MX,27.3167,-112.2833,65.08,45,0,7.67,clear sky,2023-01-07 19:41:11
214,East London,ZA,-33.0153,27.9116,66.4,81,82,5.21,broken clouds,2023-01-07 19:41:11
215,Arraial Do Cabo,BR,-22.9661,-42.0278,67.96,94,100,17.27,mist,2023-01-07 19:41:12
216,Abu Dhabi,AE,24.4667,54.3667,66.22,83,0,6.91,clear sky,2023-01-07 19:30:57
217,Kalashnikovo,RU,57.2824,35.2262,-11.4,99,9,3.74,clear sky,2023-01-07 19:41:12
218,Taikang,CN,46.8333,124.4167,1.24,92,100,7.36,overcast clouds,2023-01-07 19:41:13
219,Dubbo,AU,-32.25,148.6167,59.13,88,0,9.22,clear sky,2023-01-07 19:39:29
220,Alta Floresta,BR,-9.8756,-56.0861,73.6,96,100,0.85,moderate rain,2023-01-07 19:41:13
221,Katsuura,JP,35.1333,140.3,44.06,68,3,9.15,clear sky,2023-01-07 19:41:15
222,Srednekolymsk,RU,67.45,153.6833,-38.63,96,100,7.74,overcast clouds,2023-01-07 19:32:03
223,Mitsamiouli,KM,-11.3847,43.2844,80.89,79,17,9.73,few clouds,2023-01-07 19:41:16
224,Cidreira,BR,-30.1811,-50.2056,74.53,70,23,15.35,few clouds,2023-01-07 19:41:16
225,Uvat,RU,59.1433,68.8953,3.18,95,100,10.13,light snow,2023-01-07 19:41:17
226,Pangnirtung,CA,66.1451,-65.7125,-5.8,84,75,2.3,broken clouds,2023-01-07 19:31:20
227,San Policarpo,PH,12.1791,125.5072,78.82,69,100,17.43,overcast clouds,2023-01-07 19:41:17
228,Auki,SB,-8.7676,160.7034,78.96,85,100,4.88,overcast clouds,2023-01-07 19:41:17
229,Vanavara,RU,60.34,102.2797,-8.55,97,98,7.52,overcast clouds,2023-01-07 19:41:18
230,Grajau,BR,-5.8194,-46.1386,80.85,79,72,3.44,light rain,2023-01-07 19:41:19
231,Dengfeng,CN,34.4553,113.0281,45.73,23,0,4.88,clear sky,2023-01-07 19:41:19
232,Bambous Virieux,MU,-20.3428,57.7575,79.21,78,40,6.91,scattered clouds,2023-01-07 19:41:19
233,Vila Franca Do Campo,PT,37.7167,-25.4333,63.01,92,99,14.94,overcast clouds,2023-01-07 19:31:39
234,Pontivy,FR,48.0,-3.0,50.29,79,39,15.46,scattered clouds,2023-01-07 19:41:20
235,Buchanan,LR,5.8808,-10.0467,79.09,82,8,7.67,clear sky,2023-01-07 19:41:20
236,Pacifica,US,37.6138,-122.4869,61.41,61,100,17.27,haze,2023-01-07 19:38:23
237,Evansville,US,37.9748,-87.5558,54.0,46,0,6.91,clear sky,2023-01-07 19:41:21
238,Kichmengskiy Gorodok,RU,59.9816,45.7854,-12.21,100,93,2.98,overcast clouds,2023-01-07 19:41:21
239,Burnie,AU,-41.0667,145.9167,58.21,88,97,8.95,overcast clouds,2023-01-07 19:41:22
240,Husavik,IS,66.0449,-17.3389,32.99,89,100,7.65,overcast clouds,2023-01-07 19:41:22
241,Deputatskiy,RU,69.3,139.9,-28.23,96,100,2.24,overcast clouds,2023-01-07 19:41:23
242,Puerto Baquerizo Moreno,EC,-0.9,-89.6,73.72,83,40,13.42,scattered clouds,2023-01-07 19:41:23
243,Jishou,CN,28.3167,109.7167,49.28,70,0,1.45,clear sky,2023-01-07 19:41:24
244,Broome,US,42.2506,-75.833,38.7,84,100,8.01,overcast clouds,2023-01-07 19:33:08
245,Jesus Carranza,MX,17.4333,-95.0333,81.18,61,18,7.63,few clouds,2023-01-07 19:41:24
246,Mitu,CO,1.1983,-70.1733,80.47,80,73,3.02,broken clouds,2023-01-07 19:41:25
247,Kurilsk,RU,45.2333,147.8833,22.64,79,100,5.12,overcast clouds,2023-01-07 19:41:25
248,Biak,ID,-0.9131,122.8766,78.08,77,100,3.09,light rain,2023-01-07 19:40:47
249,Port Blair,IN,11.6667,92.75,75.24,88,40,2.3,mist,2023-01-07 19:41:26
250,Sibolga,ID,1.7427,98.7792,73.6,89,100,2.93,overcast clouds,2023-01-07 19:41:27
251,Owando,CG,-0.4819,15.8999,78.4,54,100,2.44,overcast clouds,2023-01-07 19:41:27
252,Sambava,MG,-14.2667,50.1667,76.84,86,11,7.07,light rain,2023-01-07 19:33:16
253,Jijiga,ET,9.35,42.8,61.54,68,6,6.69,clear sky,2023-01-07 19:41:28
254,Jaisalmer,IN,26.9147,70.9181,59.31,10,97,9.24,overcast clouds,2023-01-07 19:40:56
255,Olinda,BR,-8.0089,-34.8553,82.13,69,40,10.36,scattered clouds,2023-01-07 19:41:28
256,Tabou,CI,4.423,-7.3528,79.9,80,42,8.37,scattered clouds,2023-01-07 19:41:29
257,Cabo San Lucas,MX,22.8909,-109.9124,81.61,60,6,5.14,clear sky,2023-01-07 19:41:29
258,Murgab,TM,37.4966,61.9714,44.47,61,0,4.61,clear sky,2023-01-07 19:41:29
259,Princeton,US,25.5384,-80.4089,79.0,59,0,12.66,clear sky,2023-01-07 19:40:47
260,Aloleng,PH,16.1307,119.7824,76.01,65,27,15.43,scattered clouds,2023-01-07 19:41:30
261,Luang Prabang,LA,19.8856,102.1347,55.69,87,0,1.28,clear sky,2023-01-07 19:41:31
262,Saint-Augustin,CA,51.226,-58.6502,17.33,77,98,1.61,overcast clouds,2023-01-07 19:41:31
263,Ust-Nera,RU,64.5667,143.2,-33.57,99,100,2.95,overcast clouds,2023-01-07 19:32:40
264,Aklavik,CA,68.2191,-135.0107,-0.4,85,100,2.3,light snow,2023-01-07 19:32:19
265,Basco,PH,20.4487,121.9702,74.48,75,54,20.07,broken clouds,2023-01-07 19:41:33
266,Constantine,DZ,36.365,6.6147,47.61,76,0,2.3,clear sky,2023-01-07 19:41:33
267,Yarensk,RU,62.1675,49.0916,-19.01,98,52,5.17,broken clouds,2023-01-07 19:41:34
268,Derby,GB,52.9228,-1.4766,46.47,89,20,13.8,few clouds,2023-01-07 19:41:34
269,Asau,RO,46.4333,26.4,34.72,88,100,2.39,overcast clouds,2023-01-07 19:33:04
270,Port Macquarie,AU,-31.4333,152.9167,64.89,86,89,10.4,overcast clouds,2023-01-07 19:41:35
271,Sidi Ali,DZ,36.0998,0.4206,52.7,83,0,6.98,clear sky,2023-01-07 19:41:35
272,Tuatapere,NZ,-46.1333,167.6833,54.57,71,8,4.52,clear sky,2023-01-07 19:32:09
273,Bandar,ID,2.05,99.75,71.19,96,100,2.15,overcast clouds,2023-01-07 19:41:36
274,San Vicente,AR,-26.6167,-54.1333,86.04,22,0,5.82,clear sky,2023-01-07 19:41:36
275,Yulara,AU,-25.2406,130.9889,64.4,84,100,17.54,overcast clouds,2023-01-07 19:41:36
276,Waingapu,ID,-9.6567,120.2641,78.4,77,99,10.71,overcast clouds,2023-01-07 19:34:15
277,Mehamn,NO,71.0357,27.8492,12.15,73,47,19.57,scattered clouds,2023-01-07 19:32:18
278,Praia Da Vitoria,PT,38.7333,-27.0667,64.65,82,75,13.24,broken clouds,2023-01-07 19:34:01
279,Mashivka,UA,49.4431,34.8669,16.57,47,41,5.79,scattered clouds,2023-01-07 19:41:37
280,Cabanas,CU,22.9758,-82.9219,79.84,61,34,13.76,scattered clouds,2023-01-07 19:41:38
281,Padang,ID,-0.9492,100.3543,75.16,86,97,2.44,overcast clouds,2023-01-07 19:41:38
282,San Patricio,US,28.017,-97.5169,81.16,68,100,12.44,overcast clouds,2023-01-07 19:41:39
283,Laguna,US,38.421,-121.4238,62.17,66,75,13.8,broken clouds,2023-01-07 19:41:39
284,Henties Bay,NA,-22.116,14.2845,63.52,85,4,0.54,clear sky,2023-01-07 19:32:06
285,San Juan Del Cesar,CO,10.7711,-73.0031,92.35,45,18,11.43,few clouds,2023-01-07 19:41:39
286,Truth Or Consequences,US,33.1284,-107.2528,53.91,39,0,11.5,clear sky,2023-01-07 19:41:40
287,Hofn,IS,64.2539,-15.2082,35.04,70,100,20.13,overcast clouds,2023-01-07 19:41:40
288,Cazones,MX,20.7167,-97.3167,80.4,69,40,0.0,scattered clouds,2023-01-07 19:41:41
289,Severodvinsk,RU,64.5635,39.8302,-7.49,99,84,3.87,broken clouds,2023-01-07 19:41:41
290,Champerico,GT,14.3,-91.9167,91.94,62,3,9.91,clear sky,2023-01-07 19:33:39
291,Cap Malheureux,MU,-19.9842,57.6142,79.47,71,4,5.99,clear sky,2023-01-07 19:41:42
292,Manokwari,ID,-0.8667,134.0833,78.01,84,100,5.75,overcast clouds,2023-01-07 19:41:42
293,Russellville,US,35.2784,-93.1338,65.05,65,0,9.22,clear sky,2023-01-07 19:41:32
294,Spas-Klepiki,RU,55.1347,40.1767,-5.62,91,43,5.06,scattered clouds,2023-01-07 19:41:43
295,Luanda,AO,-8.8368,13.2343,80.6,74,75,10.36,broken clouds,2023-01-07 19:41:43
296,Pisco,PE,-13.7,-76.2167,72.01,78,40,10.36,scattered clouds,2023-01-07 19:41:44
297,Sola,VU,-13.8833,167.55,82.09,73,100,12.12,overcast clouds,2023-01-07 19:33:49
298,Ilulissat,GL,69.2167,-51.1,15.82,73,75,0.0,broken clouds,2023-01-07 19:32:06
299,Port Hedland,AU,-20.3167,118.5667,80.65,89,100,13.8,overcast clouds,2023-01-07 19:41:44
300,Diamantino,BR,-14.4086,-56.4461,82.24,70,100,4.21,overcast clouds,2023-01-07 19:33:00
301,Bairiki,KI,1.3292,172.9752,80.6,83,20,8.05,few clouds,2023-01-07 19:31:46
302,La Gomera,GT,14.0833,-91.05,89.1,41,3,8.1,clear sky,2023-01-07 19:41:45
303,Vostok,RU,46.4856,135.8833,-11.4,97,30,4.72,scattered clouds,2023-01-07 19:32:53
304,Kupang,ID,-10.1667,123.5833,77.49,86,41,6.96,scattered clouds,2023-01-07 19:41:46
305,Richards Bay,ZA,-28.783,32.0377,65.05,82,39,5.7,scattered clouds,2023-01-07 19:41:46
306,Luganville,VU,-15.5333,167.1667,80.02,84,100,5.77,overcast clouds,2023-01-07 19:41:47
307,Kahului,US,20.8947,-156.47,75.22,68,0,3.44,clear sky,2023-01-07 19:32:28
308,Lagos,NG,6.5833,3.75,77.59,85,25,5.64,scattered clouds,2023-01-07 19:40:03
309,Iracoubo,GF,5.4802,-53.2011,76.62,88,100,12.1,overcast clouds,2023-01-07 19:41:47
310,Porto Uniao,BR,-26.2381,-51.0783,79.03,41,1,6.98,clear sky,2023-01-07 19:41:48
311,Tucuman,AR,-26.8241,-65.2226,89.6,43,75,10.36,broken clouds,2023-01-07 19:41:48
312,Sokoni,TZ,-6.4333,39.55,80.46,81,13,11.3,few clouds,2023-01-07 19:41:49
313,Koindu,GN,8.4386,-10.3253,75.61,32,10,1.3,clear sky,2023-01-07 19:41:50
314,Hamilton,US,39.1834,-84.5333,44.44,64,0,5.75,clear sky,2023-01-07 19:32:27
315,Cuiluan,CN,47.72,128.648,-12.37,100,66,2.04,broken clouds,2023-01-07 19:41:51
316,San Martin,AR,-33.081,-68.4681,93.74,17,100,18.01,overcast clouds,2023-01-07 19:41:51
317,Luena,AO,-11.7833,19.9167,62.69,93,84,3.89,broken clouds,2023-01-07 19:41:51
318,Saint Paul,US,44.9444,-93.0933,25.63,74,0,3.44,haze,2023-01-07 19:37:26
319,Sandane,NO,61.7728,6.215,50.22,81,100,0.0,overcast clouds,2023-01-07 19:41:52
320,Mineiros,BR,-17.5694,-52.5511,73.85,85,100,6.8,moderate rain,2023-01-07 19:41:52
321,Svetlogorsk,BY,52.6333,29.7333,13.53,68,86,8.9,overcast clouds,2023-01-07 19:41:53
322,Severo-Yeniseyskiy,RU,60.3725,93.0408,-10.64,98,100,2.48,overcast clouds,2023-01-07 19:41:53
323,Kazachinskoye,RU,57.6953,93.2761,4.69,97,100,3.36,light snow,2023-01-07 19:41:54
324,Nguruka,TZ,-5.1092,31.0419,64.22,94,83,3.33,light rain,2023-01-07 19:41:54
325,Warmbad,NA,-28.45,18.7333,81.03,14,0,7.0,clear sky,2023-01-07 19:41:55
326,Cornelio Procopio,BR,-23.1811,-50.6467,71.94,63,100,10.33,overcast clouds,2023-01-07 19:41:55
327,Bratsk,RU,56.1325,101.6142,1.89,100,81,2.84,broken clouds,2023-01-07 19:37:46
328,Beidao,CN,34.5686,105.8933,36.7,70,0,1.95,clear sky,2023-01-07 19:41:56
329,Denpasar,ID,-8.65,115.2167,80.26,83,40,5.75,scattered clouds,2023-01-07 19:40:09
330,Manjacaze,MZ,-24.7117,33.8828,72.21,62,98,13.87,overcast clouds,2023-01-07 19:41:56
331,Houma,US,29.5958,-90.7195,76.01,70,0,11.5,clear sky,2023-01-07 19:28:43
332,Dudinka,RU,69.4058,86.1778,-30.91,97,100,7.14,overcast clouds,2023-01-07 19:41:57
333,Zhigansk,RU,66.7697,123.3711,-24.56,98,100,5.35,overcast clouds,2023-01-07 19:41:57
334,Sal Rei,CV,16.1833,-22.9167,75.4,64,0,17.27,clear sky,2023-01-07 19:41:58
335,Camacha,PT,33.0833,-16.3333,63.82,72,20,11.5,few clouds,2023-01-07 19:33:26
336,Ovsyanka,RU,55.9575,92.5519,2.37,96,99,5.23,overcast clouds,2023-01-07 19:41:58
337,Oussouye,SN,12.485,-16.5469,82.49,27,100,9.1,overcast clouds,2023-01-07 19:41:59
338,Angoram,PG,-4.0625,144.0661,74.53,96,100,0.51,overcast clouds,2023-01-07 19:41:59
339,Nyagan,RU,62.1406,65.3936,-16.22,94,100,11.7,overcast clouds,2023-01-07 19:42:00
340,Sobolevo,RU,54.4299,31.8996,4.64,91,100,4.88,overcast clouds,2023-01-07 19:42:00
341,Puerto Escondido,MX,15.85,-97.0667,86.83,62,0,5.75,clear sky,2023-01-07 19:29:16
342,Zhengjiatun,CN,43.5064,123.5064,17.1,76,100,8.1,overcast clouds,2023-01-07 19:42:01
343,Mayo,US,38.8876,-76.5119,50.22,45,75,10.36,broken clouds,2023-01-07 19:42:01
344,Mount Gambier,AU,-37.8333,140.7667,66.79,44,0,8.55,clear sky,2023-01-07 19:28:47
345,Ballitoville,ZA,-29.539,31.2144,67.24,88,40,1.14,scattered clouds,2023-01-07 19:42:02
346,Bandarbeyla,SO,9.4942,50.8122,76.69,76,18,16.2,few clouds,2023-01-07 19:42:02
347,Porto Velho,BR,-8.7619,-63.9039,82.45,74,75,3.44,broken clouds,2023-01-07 19:42:03
348,Noumea,NC,-22.2763,166.4572,81.0,99,100,3.87,overcast clouds,2023-01-07 19:42:03
349,Arrecife,ES,28.963,-13.5477,66.18,72,20,6.91,few clouds,2023-01-07 19:42:04
350,Cedartown,US,34.0537,-85.255,62.35,62,99,1.61,overcast clouds,2023-01-07 19:42:04
351,Avera,US,33.194,-82.5271,65.37,37,7,6.11,clear sky,2023-01-07 19:42:04
352,Trincomalee,LK,8.5711,81.2335,78.35,78,100,18.7,overcast clouds,2023-01-07 19:42:05
353,Peace River,CA,56.2501,-117.286,19.71,93,75,4.61,broken clouds,2023-01-07 19:39:21
354,Jacareacanga,BR,-6.2222,-57.7528,81.39,81,48,2.93,moderate rain,2023-01-07 19:42:05
355,Saint-Pierre,RE,-21.3393,55.4781,78.48,65,35,4.61,scattered clouds,2023-01-07 19:34:09
356,Les Cayes,HT,18.2,-73.75,81.84,60,16,9.31,few clouds,2023-01-07 19:42:06
357,Muroto,JP,33.2833,134.15,48.15,58,2,10.4,clear sky,2023-01-07 19:42:06
358,Vila Velha,BR,-20.3297,-40.2925,75.15,92,75,10.36,broken clouds,2023-01-07 19:32:56
359,Aripuana,BR,-9.1667,-60.6333,78.4,77,99,2.13,overcast clouds,2023-01-07 19:42:08
360,Urumqi,CN,43.801,87.6005,11.35,85,85,2.24,mist,2023-01-07 19:42:09
361,Cayenne,GF,4.9333,-52.3333,75.24,94,100,5.75,overcast clouds,2023-01-07 19:33:52
362,Nuuk,GL,64.1835,-51.7216,23.61,100,100,10.36,shower snow,2023-01-07 19:28:05
363,Batticaloa,LK,7.7102,81.6924,76.12,87,97,12.1,overcast clouds,2023-01-07 19:42:09
364,Vila Do Maio,CV,15.1333,-23.2167,74.19,74,100,17.72,overcast clouds,2023-01-07 19:42:10
365,Salekhard,RU,66.53,66.6019,-40.27,98,41,5.64,scattered clouds,2023-01-07 19:42:10
366,Ucluelet,CA,48.9329,-125.5528,48.09,89,100,1.01,overcast clouds,2023-01-07 19:42:11
367,Los Llanos De Aridane,ES,28.6585,-17.9182,60.55,67,20,8.05,few clouds,2023-01-07 19:28:03
368,Kautokeino,NO,69.0125,23.0412,-5.57,100,100,2.55,overcast clouds,2023-01-07 19:42:11
369,Harper,LR,4.375,-7.7169,79.65,81,63,7.78,broken clouds,2023-01-07 19:42:11
370,Bonavista,CA,48.6499,-53.1147,28.99,75,100,7.2,overcast clouds,2023-01-07 19:42:12
371,Mandera,KE,3.9366,41.867,86.88,27,2,8.88,clear sky,2023-01-07 19:42:12
372,Carbonia,IT,39.1672,8.5222,52.02,86,0,0.69,clear sky,2023-01-07 19:42:13
373,Kysyl-Syr,RU,63.8986,122.7617,-20.42,98,100,6.93,overcast clouds,2023-01-07 19:42:13
374,Kirando,TZ,-7.4167,30.6,71.31,82,80,3.67,broken clouds,2023-01-07 19:42:14
375,Flinders,AU,-34.5833,150.8552,60.26,88,95,1.99,overcast clouds,2023-01-07 19:33:43
376,Yurga,RU,55.7231,84.8861,22.51,86,100,16.64,overcast clouds,2023-01-07 19:42:14
377,Wilmington,US,34.2257,-77.9447,58.95,49,0,4.0,clear sky,2023-01-07 19:38:03
378,Iqaluit,CA,63.7506,-68.5145,-16.87,76,75,12.66,broken clouds,2023-01-07 19:42:15
379,Surab,PK,28.4914,66.2585,48.45,48,65,4.79,broken clouds,2023-01-07 19:42:15
380,Bahia Honda,CU,22.9036,-83.1592,80.92,59,19,12.93,few clouds,2023-01-07 19:42:16
381,Ust-Tsilma,RU,65.441,52.1498,-40.09,100,54,2.95,broken clouds,2023-01-07 19:42:16
382,Nantucket,US,41.2835,-70.0995,44.71,70,75,8.05,broken clouds,2023-01-07 19:33:55
383,Barjora,IN,23.4333,87.2833,54.77,31,0,9.1,clear sky,2023-01-07 19:42:17
384,Westport,US,41.1415,-73.3579,45.9,64,100,11.5,overcast clouds,2023-01-07 19:29:12
385,Orapa,BW,-21.2833,25.3667,68.34,71,100,21.16,overcast clouds,2023-01-07 19:42:17
386,Iquique,CL,-20.2208,-70.1431,73.44,66,31,10.22,scattered clouds,2023-01-07 19:38:08
387,Iquitos,PE,-3.7481,-73.2472,84.24,79,75,3.44,broken clouds,2023-01-07 19:42:18
388,Irtyshskiy,RU,58.3333,68.1333,1.63,93,100,13.11,overcast clouds,2023-01-07 19:42:18
389,Kostino,RU,58.9097,53.2691,-14.03,100,100,3.98,overcast clouds,2023-01-07 19:42:19
390,Kutum,SD,14.2,24.6667,60.24,22,4,6.67,clear sky,2023-01-07 19:42:19
391,Colonia,DE,50.9333,6.95,52.88,75,0,12.66,clear sky,2023-01-07 19:39:22
392,Pingliang,CN,35.5392,106.6861,36.27,27,3,3.33,clear sky,2023-01-07 19:33:55
393,Agadez,NE,19.75,10.25,64.2,30,11,5.75,few clouds,2023-01-07 19:42:20
394,Chokurdakh,RU,70.6333,147.9167,-31.88,98,100,4.65,overcast clouds,2023-01-07 19:40:27
395,Porto Santo,PT,33.072,-16.3415,66.58,72,20,11.5,few clouds,2023-01-07 19:42:21
396,Santander,ES,43.4647,-3.8044,55.45,92,75,1.99,broken clouds,2023-01-07 19:42:21
397,Maun,BW,-19.9833,23.4167,82.36,39,0,11.5,clear sky,2023-01-07 19:42:22
398,Port Shepstone,ZA,-30.7414,30.455,65.3,79,0,8.41,clear sky,2023-01-07 19:42:22
399,Alibag,IN,18.6411,72.8792,80.67,67,0,6.33,clear sky,2023-01-07 19:42:22
400,Stykkisholmur,IS,65.0757,-22.7297,33.94,86,100,29.46,overcast clouds,2023-01-07 19:42:23
401,Przhevalskoye,RU,55.5093,31.8482,5.97,82,100,4.18,overcast clouds,2023-01-07 19:42:23
402,Grindavik,IS,63.8424,-22.4338,32.47,80,100,11.5,overcast clouds,2023-01-07 19:42:24
403,Tilichiki,RU,60.4667,166.1,-23.48,92,53,10.54,broken clouds,2023-01-07 19:33:40
404,Qui Nhon,VN,13.7667,109.2333,68.16,90,100,14.9,overcast clouds,2023-01-07 19:42:24
405,Sao Filipe,CV,14.8961,-24.4956,73.54,66,15,13.73,few clouds,2023-01-07 19:42:25
406,Shingu,JP,33.7333,135.9833,45.52,69,41,8.37,scattered clouds,2023-01-07 19:34:01
407,Santa Cruz,BO,-17.8,-63.1667,93.25,38,40,9.22,scattered clouds,2023-01-07 19:42:26
408,Creel,MX,27.75,-107.6333,58.69,23,1,18.12,clear sky,2023-01-07 19:42:27
409,Maniitsoq,GL,65.4167,-52.9,21.38,74,100,5.48,overcast clouds,2023-01-07 19:42:27
410,Ayagoz,KZ,47.9714,80.4392,28.35,96,100,5.19,overcast clouds,2023-01-07 19:42:29
411,Saint-Francois,FR,46.4154,3.9054,53.04,70,0,12.66,clear sky,2023-01-07 19:42:29
412,Eureka,US,40.8021,-124.1637,56.93,70,100,11.99,overcast clouds,2023-01-07 19:42:03
413,Sungaipenuh,ID,-2.0833,101.3833,62.08,98,95,1.3,overcast clouds,2023-01-07 19:42:30
414,Ahipara,NZ,-35.1667,173.1667,69.84,81,6,2.37,clear sky,2023-01-07 19:32:55
415,Ambulu,ID,-8.345,113.6058,76.82,86,70,1.92,broken clouds,2023-01-07 19:42:30
416,Vaitape,PF,-16.5167,-151.75,80.98,66,18,1.7,few clouds,2023-01-07 19:42:31
417,Vardo,NO,70.3705,31.1107,12.18,92,14,14.97,few clouds,2023-01-07 19:42:31
418,Aksarka,RU,66.5606,67.7975,-41.51,99,57,5.46,broken clouds,2023-01-07 19:42:32
419,Parana,AR,-31.732,-60.5238,100.51,26,95,11.56,overcast clouds,2023-01-07 19:42:32
420,Aktau,KZ,43.65,51.2,25.38,63,100,23.96,overcast clouds,2023-01-07 19:42:32
421,Okato,NZ,-39.2,173.8833,62.19,88,99,24.0,overcast clouds,2023-01-07 19:42:33
422,Shimoda,JP,34.6667,138.95,45.14,69,5,5.14,clear sky,2023-01-07 19:42:33
423,Oktyabrskoye,RU,43.0645,44.7417,17.74,93,100,6.71,light snow,2023-01-07 19:42:34
424,Sorong,ID,-0.8833,131.25,80.96,78,100,10.54,overcast clouds,2023-01-07 19:42:34
425,Loding,NO,67.3,14.75,28.31,68,100,33.38,overcast clouds,2023-01-07 19:42:35
426,Cheney,US,47.4874,-117.5758,39.99,54,75,9.22,broken clouds,2023-01-07 19:41:27
427,Nishihara,JP,26.1842,127.7558,58.28,63,20,8.05,few clouds,2023-01-07 19:42:35
428,Lantawan,PH,10.6167,123.9833,76.69,85,100,11.86,moderate rain,2023-01-07 19:42:36
429,Hasaki,JP,35.7333,140.8333,30.6,60,7,9.98,clear sky,2023-01-07 19:33:32
430,Necochea,AR,-38.5473,-58.7368,89.37,30,96,16.42,overcast clouds,2023-01-07 19:42:36
431,Bonfim,BR,3.0833,-59.95,87.49,54,88,5.1,overcast clouds,2023-01-07 19:42:37
432,Flin Flon,CA,54.7682,-101.865,6.64,78,75,4.61,broken clouds,2023-01-07 19:42:37
433,Kedrovyy,RU,56.1667,91.8167,0.01,88,100,7.0,overcast clouds,2023-01-07 19:42:38
434,Brandon,US,27.9378,-82.2859,73.11,43,0,5.01,clear sky,2023-01-07 19:42:38
435,Wajir,KE,1.7471,40.0573,88.29,30,49,8.68,scattered clouds,2023-01-07 19:42:39
436,Codrington,AU,-38.2667,141.9667,65.3,49,0,7.36,clear sky,2023-01-07 19:42:39
437,Kampong Thum,KH,12.7111,104.8887,67.89,76,100,4.83,overcast clouds,2023-01-07 19:42:39
438,Ugoofaaru,MV,5.6667,73.0,80.74,73,5,9.44,clear sky,2023-01-07 19:42:40
439,Quesnel,CA,52.9999,-122.5029,39.7,65,40,9.22,scattered clouds,2023-01-07 19:40:10
440,Sao Francisco De Assis,BR,-29.5503,-55.1311,95.83,14,1,15.08,clear sky,2023-01-07 19:42:40
441,Dwarka,IN,22.2394,68.9678,71.65,68,0,9.93,clear sky,2023-01-07 19:42:41
442,Verkhoyansk,RU,67.5447,133.385,-58.49,100,63,2.04,broken clouds,2023-01-07 19:42:41
443,Ondjiva,AO,-17.0667,15.7333,78.85,21,100,5.23,overcast clouds,2023-01-07 19:42:41
444,Bardiyah,LY,31.7561,25.0865,59.34,74,0,8.63,clear sky,2023-01-07 19:42:42
445,La Ronge,CA,55.1001,-105.2842,10.65,72,20,2.3,few clouds,2023-01-07 19:42:42
446,Makhinjauri,GE,41.6739,41.694,37.26,100,100,8.05,overcast clouds,2023-01-07 19:42:43
447,Okmulgee,US,35.6234,-95.9605,55.51,35,0,9.22,clear sky,2023-01-07 19:42:43
448,Weligama,LK,5.9667,80.4167,73.22,91,83,5.32,broken clouds,2023-01-07 19:42:44
449,Altay,CN,47.8667,88.1167,19.38,84,59,5.99,broken clouds,2023-01-07 19:42:45
450,Kudahuvadhoo,MV,2.6708,72.8944,80.28,79,88,17.13,overcast clouds,2023-01-07 19:42:46
451,Qorveh,IR,35.1664,47.8045,28.36,80,52,4.47,broken clouds,2023-01-07 19:33:15
452,Abashiri,JP,44.0213,144.2697,19.83,92,100,5.19,light snow,2023-01-07 19:42:47
453,Izumo,JP,35.3667,132.7667,44.55,71,91,12.03,overcast clouds,2023-01-07 19:42:47
454,Aleksandrov Gay,RU,50.147,48.5704,0.23,79,6,14.45,clear sky,2023-01-07 19:42:47
455,Inhambane,MZ,-23.865,35.3833,73.38,100,75,11.5,drizzle,2023-01-07 19:42:48
456,Kamenka,RU,51.3223,42.7678,-1.43,91,45,8.16,scattered clouds,2023-01-07 19:42:48
457,Guiglo,CI,6.5456,-7.4966,80.98,39,57,2.42,broken clouds,2023-01-07 19:42:49
458,Sechura,PE,-5.5569,-80.8222,77.45,59,33,15.9,scattered clouds,2023-01-07 19:42:49
459,Nakhodka,RU,42.8333,132.8947,15.96,73,2,6.8,clear sky,2023-01-07 19:42:50
460,Kondinskoye,RU,59.6481,67.41,-5.06,97,100,15.46,light snow,2023-01-07 19:42:50
461,Nara,JP,34.6851,135.8049,42.49,69,98,3.67,overcast clouds,2023-01-07 19:33:33
462,Pitimbu,BR,-7.4706,-34.8086,84.79,73,78,11.27,broken clouds,2023-01-07 19:42:51
463,Naryan-Mar,RU,67.6713,53.087,-34.22,100,30,3.69,scattered clouds,2023-01-07 19:42:51
464,Jerez,GT,14.1,-89.75,82.85,45,40,9.22,scattered clouds,2023-01-07 19:42:51
465,Lethem,GY,3.3803,-59.7968,87.73,55,94,6.2,overcast clouds,2023-01-07 19:42:52
466,Ketchikan,US,55.3422,-131.6461,46.38,87,100,19.57,moderate rain,2023-01-07 19:42:52
467,Bol,TD,13.4586,14.7147,72.19,39,5,13.82,clear sky,2023-01-07 19:42:53
468,Mogadishu,SO,2.0371,45.3438,78.15,86,11,19.77,few clouds,2023-01-07 19:40:01
469,Narragansett,US,41.4501,-71.4495,44.85,74,75,17.27,broken clouds,2023-01-07 19:42:53
470,Falmouth,GB,50.1544,-5.0711,50.58,76,40,21.85,scattered clouds,2023-01-07 19:38:58
471,Diffa,NE,13.3154,12.6113,69.17,18,47,9.84,scattered clouds,2023-01-07 19:42:54
472,Nagato,JP,34.3833,131.2,43.23,65,5,9.91,clear sky,2023-01-07 19:42:54
473,Lazaro Cardenas,MX,17.9583,-102.2,83.3,57,0,9.01,clear sky,2023-01-07 19:42:55
474,Tlaltenango,MX,19.1667,-98.3333,70.84,20,0,2.75,clear sky,2023-01-07 19:42:55
475,Edd,ER,13.9297,41.6925,78.53,71,0,5.35,clear sky,2023-01-07 19:42:55
476,Burley,US,42.5357,-113.7928,39.29,86,0,5.75,clear sky,2023-01-07 19:40:14
477,Along,IN,28.1667,94.7667,48.43,58,0,1.86,clear sky,2023-01-07 19:42:56
478,Haines Junction,CA,60.7522,-137.5108,17.28,95,100,2.01,overcast clouds,2023-01-07 19:42:56
479,Gazanjyk,TM,39.2446,55.5154,45.45,80,68,2.59,broken clouds,2023-01-07 19:42:57
480,Ginir,ET,7.1333,40.7,59.95,43,4,4.63,clear sky,2023-01-07 19:42:57
481,Natchez,US,31.5604,-91.4032,75.42,63,40,11.5,scattered clouds,2023-01-07 19:42:58
482,Opuwo,NA,-18.0607,13.84,77.68,26,95,10.09,overcast clouds,2023-01-07 19:42:58
483,Mahanoro,MG,-19.9,48.8,76.33,88,8,4.43,light rain,2023-01-07 19:42:58
484,Monterey,US,36.2505,-121.2516,57.18,1,100,10.98,overcast clouds,2023-01-07 19:42:59
485,Doha,QA,25.2867,51.5333,64.38,70,0,6.91,clear sky,2023-01-07 19:42:59
486,Isilkul,RU,54.9109,71.2728,12.38,95,100,10.33,light snow,2023-01-07 19:43:00
487,Beloha,MG,-25.1667,45.05,76.53,82,89,2.26,overcast clouds,2023-01-07 19:43:00
488,Kiyasovo,RU,56.3491,53.1244,-21.32,100,80,4.85,broken clouds,2023-01-07 19:43:00
489,Guangyuan,CN,32.442,105.823,43.12,85,0,2.64,clear sky,2023-01-07 19:43:01
490,Sorland,NO,67.667,12.6934,33.66,64,91,27.36,overcast clouds,2023-01-07 19:33:23
491,Kimbe,PG,-5.5502,150.1429,76.37,92,98,2.28,light rain,2023-01-07 19:43:01
492,Jacksonville,US,30.3322,-81.6556,70.05,39,0,4.61,clear sky,2023-01-07 19:38:39
493,Simbahan,PH,6.3032,120.5836,81.59,76,100,10.0,overcast clouds,2023-01-07 19:43:02
494,Clarence Town,AU,-32.5833,151.7833,67.86,93,100,3.58,overcast clouds,2023-01-07 19:43:02
495,Ati,TD,13.2154,18.3353,71.94,20,31,9.91,scattered clouds,2023-01-07 19:43:03
496,Bac Lieu,VN,9.285,105.7244,70.11,84,100,7.96,light rain,2023-01-07 19:41:53
497,Athabasca,CA,54.7169,-113.2854,18.01,83,22,5.77,few clouds,2023-01-07 19:43:03
498,Jizan,SA,17.3333,42.6667,77.94,69,6,4.76,clear sky,2023-01-07 19:43:05
499,Astoria,US,46.1879,-123.8313,47.71,95,100,5.75,light rain,2023-01-07 19:43:05
500,Ilebo,CD,-4.3167,20.5833,70.47,95,100,0.74,overcast clouds,2023-01-07 19:43:06
501,Venado Tuerto,AR,-33.7456,-61.9688,103.6,12,23,12.91,few clouds,2023-01-07 19:43:06
502,Nome,US,64.5011,-165.4064,17.67,93,100,4.61,overcast clouds,2023-01-07 19:43:06
503,Half Moon Bay,US,37.4636,-122.4286,62.55,48,40,18.41,haze,2023-01-07 19:43:07
504,Koygorodok,RU,60.445,50.9968,-11.97,100,100,3.62,overcast clouds,2023-01-07 19:43:07
505,Mont-Dore,NC,-22.2833,166.5833,81.0,99,100,3.98,overcast clouds,2023-01-07 19:43:08
506,Yar-Sale,RU,66.8333,70.8333,-37.68,100,84,6.76,broken clouds,2023-01-07 19:43:08
507,Renukut,IN,24.2,83.0333,43.59,40,0,4.0,clear sky,2023-01-07 19:43:08
508,Brae,GB,60.3964,-1.353,47.07,87,96,20.65,overcast clouds,2023-01-07 19:43:09
509,Cape Canaveral,US,28.4058,-80.6048,74.07,58,0,12.66,clear sky,2023-01-07 19:40:22
510,Sandviken,SE,60.6167,16.7667,35.55,99,100,9.51,snow,2023-01-07 19:43:09
511,Larisa,GR,39.6372,22.4203,42.69,87,20,0.0,few clouds,2023-01-07 19:43:10
512,Grand Gaube,MU,-20.0064,57.6608,79.38,71,5,5.99,clear sky,2023-01-07 19:43:10
513,Tiznit,MA,29.5833,-9.5,57.11,50,0,3.65,clear sky,2023-01-07 19:43:11
514,Aguililla,MX,18.7333,-102.7333,84.96,29,0,5.17,clear sky,2023-01-07 19:43:11
515,Panalingaan,PH,8.7842,117.4231,77.18,84,100,3.27,light rain,2023-01-07 19:43:12
516,Bhuj,IN,23.2667,69.6667,66.83,61,0,6.33,clear sky,2023-01-07 19:41:29
517,Soligalich,RU,59.0778,42.2864,-1.95,99,98,4.81,overcast clouds,2023-01-07 19:43:12
518,Kibre Mengist,ET,5.8833,38.9833,56.39,51,10,2.55,clear sky,2023-01-07 19:43:13
519,Mezen,RU,65.8522,44.24,-25.04,97,10,1.52,clear sky,2023-01-07 19:33:25
520,Havelock,US,34.8791,-76.9013,54.95,53,99,1.01,overcast clouds,2023-01-07 19:38:35
521,Batagay-Alyta,RU,67.8006,130.4114,-46.55,93,12,3.74,few clouds,2023-01-07 19:43:14
522,Bremervorde,DE,53.4833,9.1333,47.26,82,100,14.45,overcast clouds,2023-01-07 19:43:14
523,Anqing,CN,30.5092,117.0506,47.64,56,0,3.74,clear sky,2023-01-07 19:43:14
524,Makakilo City,US,21.3469,-158.0858,77.68,72,0,3.44,clear sky,2023-01-07 19:43:15
525,Sakakah,SA,29.9697,40.2064,51.37,58,100,3.8,overcast clouds,2023-01-07 19:40:38
526,Korla,CN,41.7597,86.1469,27.19,41,3,4.41,clear sky,2023-01-07 19:43:16
527,Tongzi,CN,28.7829,105.0877,47.41,78,0,0.67,clear sky,2023-01-07 19:43:16
528,Kursenai,LT,55.985,22.9189,16.05,93,100,10.69,overcast clouds,2023-01-07 19:43:17
529,Kargopol,RU,61.5071,38.9456,2.61,98,93,4.05,overcast clouds,2023-01-07 19:43:17
530,Antanifotsy,MG,-19.65,47.3167,60.67,98,95,2.08,overcast clouds,2023-01-07 19:43:17
531,Qandala,SO,11.472,49.8728,75.52,76,15,4.52,few clouds,2023-01-07 19:43:18
532,Puerto Madero,MX,14.7208,-92.4215,82.56,57,2,10.07,clear sky,2023-01-07 19:43:18
533,Stornoway,GB,58.2093,-6.3865,46.36,79,75,25.32,broken clouds,2023-01-07 19:43:19
534,Santa Rosa,PH,14.3122,121.1114,75.18,88,96,12.82,overcast clouds,2023-01-07 19:43:19
535,Karymskoye,RU,51.6167,114.35,9.79,77,6,13.47,clear sky,2023-01-07 19:43:20
536,Mangochi,MW,-14.4782,35.2645,71.4,92,100,1.99,moderate rain,2023-01-07 19:33:59
537,Marystown,CA,47.1666,-55.1483,30.47,86,100,7.49,overcast clouds,2023-01-07 19:43:20
538,Batemans Bay,AU,-35.7167,150.1833,57.0,77,73,4.85,broken clouds,2023-01-07 19:43:21
539,Roald,NO,62.5833,6.1333,50.92,66,20,16.11,few clouds,2023-01-07 19:43:21
540,Raga,SS,8.4596,25.678,70.68,26,3,3.62,clear sky,2023-01-07 19:33:45
541,Karatau,KZ,43.1667,70.4667,47.1,64,8,14.43,clear sky,2023-01-07 19:43:22
542,Chute-Aux-Outardes,CA,49.1168,-68.399,22.98,74,100,11.5,overcast clouds,2023-01-07 19:43:22
543,Norman Wells,CA,65.282,-126.8329,-9.36,84,100,0.0,light snow,2023-01-07 19:43:22
544,Tutoia,BR,-2.7619,-42.2744,82.04,72,33,10.6,scattered clouds,2023-01-07 19:43:24
545,Kasongo-Lunda,CD,-6.4667,16.8167,69.57,96,100,0.85,overcast clouds,2023-01-07 19:43:25
546,Hay River,CA,60.8156,-115.7999,6.76,78,40,2.3,scattered clouds,2023-01-07 19:43:25
547,Quang Ngai,VN,15.1167,108.8,66.06,89,100,7.54,overcast clouds,2023-01-07 19:39:18
548,Gunnedah,AU,-30.9833,150.25,60.6,84,0,7.61,clear sky,2023-01-07 19:43:26
549,Ulladulla,AU,-35.35,150.4667,60.69,73,100,5.35,overcast clouds,2023-01-07 19:43:26
550,College,US,64.8569,-147.8028,6.75,78,100,3.44,light snow,2023-01-07 19:43:27
551,Marang,MY,5.2056,103.2059,75.11,93,100,5.99,overcast clouds,2023-01-07 19:43:27
552,Ayan,RU,56.45,138.1667,-2.83,85,86,4.16,overcast clouds,2023-01-07 19:43:28
553,Tarko-Sale,RU,64.9225,77.785,-37.73,89,21,10.18,few clouds,2023-01-07 19:43:28
554,San Cristobal,VE,7.7669,-72.225,73.58,57,53,3.89,broken clouds,2023-01-07 19:43:29
555,Murud,IN,18.3258,72.965,74.1,65,0,5.21,clear sky,2023-01-07 19:43:29
556,Ruangwa,TZ,-10.0667,38.9333,72.0,92,46,4.81,scattered clouds,2023-01-07 19:43:29
557,Provideniya,RU,64.3833,-173.3,-0.74,95,43,10.47,scattered clouds,2023-01-07 19:43:30
558,Ust-Omchug,RU,61.15,149.6333,-32.69,96,93,3.15,overcast clouds,2023-01-07 19:43:30
559,Amahai,ID,-3.3333,128.9167,78.85,80,100,4.81,overcast clouds,2023-01-07 19:43:31
560,Colares,PT,38.7992,-9.4469,61.75,97,40,20.0,scattered clouds,2023-01-07 19:43:31
561,Mogok,MM,22.9167,96.5,54.28,72,0,1.83,clear sky,2023-01-07 19:43:31
562,Dzhebariki-Khaya,RU,62.2167,135.8,-51.5,100,63,0.72,broken clouds,2023-01-07 19:43:32
563,Kloulklubed,PW,7.0419,134.2556,75.7,80,100,13.04,overcast clouds,2023-01-07 19:43:32
564,Atbasar,KZ,51.8,68.3333,28.47,90,100,16.6,light snow,2023-01-07 19:43:33
565,Umba,RU,66.6871,34.3429,-3.71,98,92,3.83,overcast clouds,2023-01-07 19:43:33
566,Ferme-Neuve,CA,46.7001,-75.4493,15.67,76,100,9.17,overcast clouds,2023-01-07 19:43:33
567,Mudu,CN,31.252,120.5118,46.44,62,0,6.31,clear sky,2023-01-07 19:43:34
568,Bang Saphan,TH,11.2126,99.5117,73.74,69,99,4.36,overcast clouds,2023-01-07 19:43:34
569,Malakal,SS,9.5334,31.6605,76.82,29,5,5.35,clear sky,2023-01-07 19:43:35
570,Sale,MA,34.0389,-6.8166,62.74,100,0,0.0,clear sky,2023-01-07 19:41:12
571,Chumikan,RU,54.7183,135.315,1.87,86,100,15.7,overcast clouds,2023-01-07 19:43:35
572,Mafeteng,LS,-29.823,27.2374,60.75,47,0,5.3,clear sky,2023-01-07 19:43:36
573,Akdepe,TM,42.0551,59.3788,39.29,89,100,9.31,overcast clouds,2023-01-07 19:43:36
574,Kropotkin,RU,45.4375,40.5756,19.8,50,100,7.43,overcast clouds,2023-01-07 19:43:37
575,Fairbanks,US,64.8378,-147.7164,6.76,79,100,3.44,light snow,2023-01-07 19:40:12
576,Celestun,MX,20.8667,-90.4,80.92,61,0,13.58,clear sky,2023-01-07 19:43:37
577,Zaysan,KZ,47.4667,84.8667,20.48,81,25,4.63,scattered clouds,2023-01-07 19:43:38
578,Tezu,IN,27.9167,96.1667,58.35,40,0,3.94,clear sky,2023-01-07 19:43:38
579,Carupano,VE,10.6678,-63.2585,78.84,77,100,8.93,overcast clouds,2023-01-07 19:43:38
580,Bundaberg,AU,-24.85,152.35,69.22,94,45,1.99,scattered clouds,2023-01-07 19:43:39
581,Garmsar,IR,35.2182,52.3409,44.28,47,54,3.04,broken clouds,2023-01-07 19:43:39
582,Guaruja,BR,-23.9931,-46.2564,76.86,69,20,4.61,few clouds,2023-01-07 19:43:33
583,Cacapava Do Sul,BR,-30.5122,-53.4914,88.21,25,0,12.26,clear sky,2023-01-07 19:43:40
584,Byron Bay,AU,-28.65,153.6167,66.7,87,80,12.33,broken clouds,2023-01-07 19:41:54
585,Lakes Entrance,AU,-37.8811,147.981,52.16,87,7,6.35,clear sky,2023-01-07 19:43:40
586,Yumen,CN,40.2833,97.2,23.9,34,57,8.79,broken clouds,2023-01-07 19:43:41
587,Shenkursk,RU,62.1091,42.896,-16.22,99,45,4.5,scattered clouds,2023-01-07 19:43:41
588,Abu Kamal,SY,34.4506,40.9171,49.37,85,7,9.08,clear sky,2023-01-07 19:43:42
589,Grand Forks,US,47.9417,-97.4337,11.93,85,40,17.27,mist,2023-01-07 19:43:43
590,Takoradi,GH,4.8845,-1.7554,80.78,80,29,9.13,scattered clouds,2023-01-07 19:34:02
591,Sulphur Springs,US,33.1385,-95.6011,69.51,51,0,9.22,clear sky,2023-01-07 19:39:42
592,Balabac,PH,7.9868,117.0645,80.83,79,100,17.87,overcast clouds,2023-01-07 19:43:44
593,Wladyslawowo,PL,54.7909,18.4009,40.48,97,100,12.08,overcast clouds,2023-01-07 19:43:44
594,Paarl,ZA,-33.7338,18.9752,66.0,59,42,7.74,scattered clouds,2023-01-07 19:43:45
595,Umm Lajj,SA,25.0213,37.2685,69.48,47,52,12.26,broken clouds,2023-01-07 19:43:45
596,Troitskoye,RU,52.9821,84.6757,21.83,96,99,7.05,overcast clouds,2023-01-07 19:43:45
597,Huilong,CN,31.8111,121.655,46.11,69,0,10.02,clear sky,2023-01-07 19:43:46
598,Nicoya,CR,10.1483,-85.452,88.09,48,22,5.61,few clouds,2023-01-07 19:43:46
599,Yanam,IN,16.7333,82.2167,66.54,79,0,2.89,clear sky,2023-01-07 19:43:47
600,Zholymbet,KZ,51.7433,71.7122,28.04,88,100,20.15,overcast clouds,2023-01-07 19:43:47
601,Charters Towers,AU,-20.1,146.2667,72.9,86,100,5.28,overcast clouds,2023-01-07 19:33:49
602,Turbat,PK,26.0023,63.044,65.95,72,49,2.24,scattered clouds,2023-01-07 19:43:48
603,Massakory,TD,12.996,15.7293,73.58,15,100,11.36,overcast clouds,2023-01-07 19:43:48
604,West Wendover,US,40.7391,-114.0733,34.81,75,0,0.0,clear sky,2023-01-07 19:43:49
605,Pangkalanbuun,ID,-2.6833,111.6167,73.92,95,100,2.21,light rain,2023-01-07 19:43:49
606,Vondrozo,MG,-22.8167,47.2833,68.68,98,69,1.16,broken clouds,2023-01-07 19:43:50
607,Arman,RU,59.7,150.1667,-6.99,97,100,6.11,overcast clouds,2023-01-07 19:43:50
608,Carballo,ES,43.213,-8.691,54.01,92,100,11.16,overcast clouds,2023-01-07 19:43:50
609,The Valley,AI,18.217,-63.0578,81.82,74,40,13.8,scattered clouds,2023-01-07 19:43:51
610,Lata,PT,40.1629,-8.3327,57.81,96,100,6.06,light rain,2023-01-07 19:43:51
611,Baykit,RU,61.67,96.37,-21.05,100,93,1.01,overcast clouds,2023-01-07 19:43:52
612,Bergen,NO,60.392,5.328,46.81,100,75,25.32,moderate rain,2023-01-07 19:43:52
613,Woodward,US,36.4337,-99.3904,48.96,49,0,6.91,clear sky,2023-01-07 19:43:52
614,Fort Nelson,CA,58.8053,-122.7002,0.99,78,40,2.3,scattered clouds,2023-01-07 19:43:53
615,Kendari,ID,-3.945,122.4989,75.36,92,100,2.19,overcast clouds,2023-01-07 19:43:53
616,Berlevag,NO,70.8578,29.0864,10.4,79,37,16.26,scattered clouds,2023-01-07 19:43:54
617,Nenjiang,CN,49.1833,125.2167,-14.75,99,79,4.41,broken clouds,2023-01-07 19:43:54
618,Gamba,GA,-2.65,10.0,76.78,87,100,4.85,moderate rain,2023-01-07 19:43:54
619,Santiago Del Estero,AR,-27.7951,-64.2615,104.43,13,5,14.2,clear sky,2023-01-07 19:43:55
620,Okhotsk,RU,59.3833,143.3,-22.23,83,16,13.0,few clouds,2023-01-07 19:43:55
621,Verkhnyaya Inta,RU,65.9811,60.3094,-32.66,95,17,5.77,few clouds,2023-01-07 19:43:56
622,Luba,GQ,3.4568,8.5547,82.29,83,19,10.92,few clouds,2023-01-07 19:43:56
623,Huaquillas,EC,-3.4833,-80.2333,80.83,65,40,11.5,scattered clouds,2023-01-07 19:43:56
624,Springbok,ZA,-29.6643,17.8865,70.61,31,0,2.91,clear sky,2023-01-07 19:43:57
625,Bourail,NC,-21.5667,165.4833,78.39,88,100,5.7,light rain,2023-01-07 19:43:57
626,Macaubas,BR,-13.0194,-42.6986,78.69,74,100,2.17,overcast clouds,2023-01-07 19:43:58
627,Salisbury,GB,51.0693,-1.7957,49.44,85,20,12.66,few clouds,2023-01-07 19:43:58
628,Alice Springs,AU,-23.7,133.8833,62.15,94,100,1.14,overcast clouds,2023-01-07 19:43:58
629,Oriximina,BR,-1.7656,-55.8661,87.44,53,96,3.89,overcast clouds,2023-01-07 19:34:06
630,Yerofey Pavlovich,RU,53.9667,121.9667,-17.79,99,89,2.71,overcast clouds,2023-01-07 19:43:59
631,Canutama,BR,-6.5339,-64.3831,83.62,76,100,1.16,overcast clouds,2023-01-07 19:43:59
632,Pontianak,ID,-0.0333,109.3333,75.18,100,100,2.3,mist,2023-01-07 19:44:00
633,Tyrma,RU,50.0833,132.1667,-14.49,99,95,0.58,overcast clouds,2023-01-07 19:44:00
634,Akyab,MM,20.15,92.9,66.87,82,0,4.52,clear sky,2023-01-07 19:44:01
635,Lewisporte,CA,49.2499,-55.0482,26.31,80,100,2.28,overcast clouds,2023-01-07 19:44:01
636,Namibe,AO,-15.1961,12.1522,71.96,68,83,9.51,broken clouds,2023-01-07 19:44:02
637,Sisimiut,GL,66.9395,-53.6735,12.7,84,99,7.94,overcast clouds,2023-01-07 19:44:03
638,San Luis,AR,-33.295,-66.3356,93.79,17,99,11.79,overcast clouds,2023-01-07 19:44:03
639,Shache,CN,38.4167,77.2406,26.73,39,63,3.2,broken clouds,2023-01-07 19:44:04
640,Marawi,PH,7.9986,124.2928,66.49,96,100,0.43,light rain,2023-01-07 19:44:04
641,Mkokotoni,TZ,-5.8767,39.2547,80.76,84,9,9.28,clear sky,2023-01-07 19:44:04
642,Karratha,AU,-20.7377,116.8463,79.18,75,56,20.31,broken clouds,2023-01-07 19:42:02
643,Beni Mazar,EG,28.4962,30.8029,57.81,49,9,4.85,clear sky,2023-01-07 19:44:05
644,Marsaxlokk,MT,35.8419,14.5431,57.07,93,20,3.44,few clouds,2023-01-07 19:44:05
645,Jinchang,CN,38.4953,102.1739,30.11,21,100,2.37,overcast clouds,2023-01-07 19:44:06
646,Berdigestyakh,RU,62.0989,126.6992,-18.26,98,100,4.99,overcast clouds,2023-01-07 19:44:06
647,Saint Albans,GB,51.75,-0.3333,46.24,91,75,16.11,broken clouds,2023-01-07 19:44:07
648,Zhangye,CN,38.9342,100.4517,27.0,28,5,2.59,clear sky,2023-01-07 19:44:07
649,San-Pedro,CI,4.7485,-6.6363,80.1,80,70,8.46,broken clouds,2023-01-07 19:44:08
650,Whitianga,NZ,-36.8333,175.7,69.93,78,48,1.68,scattered clouds,2023-01-07 19:44:08
651,Yarada,IN,17.65,83.2667,62.92,100,0,2.3,mist,2023-01-07 19:44:08
652,Lovozero,RU,68.005,35.0117,-2.45,95,11,2.53,few clouds,2023-01-07 19:44:09
653,Hauterive,FR,46.0901,3.4459,52.56,65,100,11.32,overcast clouds,2023-01-07 19:44:09
654,Morant Bay,JM,17.8815,-76.4093,83.82,71,6,10.31,clear sky,2023-01-07 19:44:10
655,Walvis Bay,NA,-22.9575,14.5053,65.35,82,0,4.61,clear sky,2023-01-07 19:44:10
656,Ahuimanu,US,21.4447,-157.8378,78.85,75,44,4.0,scattered clouds,2023-01-07 19:44:10
